Coffee Roasteries,Location,State,Link,Workshops,Who's in charge,Site,Updated on,Workshop
Mika Coffee,Ara Damansara,,https://take.app/mikacoffeeroaster,,Nobody,Out,,
Coffee Stain,Bangsar,,https://coffeestain.beepit.com/ordering/?type=delivery,,Pauline,Out,,
Hani Coffee,Bangsar,,https://shopee.com.my/hanicoffeeroastery,,Pauline,Shopee,,
Kopenhagen Coffee Kapas,Bangsar,,https://www.kopenhagencoffee.com/collections/coffee,,Cat,Independent,27/05/2026,
Pulp,Bangsar,,https://www.pulpcoffee.co/coffee-products,,Pauline,Independent,27/05/2026,
Thunderbean,Bayan Lepas,Penang,https://www.thunderbean.life/,,Pauline,Independent,27/05/2026,
Aksara Gayo,Cheras,,https://shopee.com.my/aksaragayo,,Pauline,Shopee,,
Arkib Rasmi,Cheras,,https://arkibkopi.my/collections/all,,Pauline,Independent,27/05/2026,
Ghostbird,Cheras,,https://ghostbirdcoffee.co/collections,,Carol,Independent,27/05/2026,
Bean Specialty,Damansara,KL,https://beamspecialty.com/product-category/roasted-coffee-bean/,,Pauline,Independent,27/05/2026,Yes
2f Coffee Roastery,Bayan Lepas,,https://www.2fcoffeeroastery.com/collections/coffee-bean-1,https://docs.google.com/forms/d/e/1FAIpQLSc3vOMyvfou3d3pHDrtfTUIjEPuT38eO9alJZzlPSgKnzPGzw/viewform,Pauline,Independent,27/05/2026,
Omni Coffee Riaster ,Ipoh,,https://shopee.com.my/iris1015,,Pauline,Shopee,,
Blank Coffee Roaster,Ipoh,,https://blankcoffeeroaster.com/,,,Independent,27/05/2026,
Astep Coffee,JB,,https://shopee.com.my/astepcoffee.official,,,Shopee,,
Dateless Coffee Roaster,JB,Johor,https://datelesscoffee.com/,,Pauline,Independent,27/05/2026,
JWC Roastery,JB,,https://shopee.com.my/jwc.roastery,,,Shopee,,
Theus Micro,JB,,https://theusmicro.com/,,,Independent,27/05/2026,
Lekker Coffee Roasters,JB,,https://lekkercoffeeroasters.myshopify.com/,,,Independent,27/05/2026,
Cofa Store,JB,,https://cofastore.com.my/shop/,,Pauline,Independent,27/05/2026,
Sweet Blossom Coffee Roasters,JB,,https://www.sweetblossomcoffee.com/shop-wholebeans,,,Independent,27/05/2026,
Vamos Coffee Roastery,JB,,https://shopee.com.my/vamoscoffee,,,Shopee,,
Brewsmith Coffee Roasters,JB,,https://brewsmithcoffee.com/collections/all,,,Independent,27/05/2026,
103 Coffee,KL,,https://www.103coffee.com/shop,,Pauline,Independent,27/05/2026,
Afloat Coffee Roaster,KL,,https://shopee.com.my/afloatcoffeeroastermy,,Pauline,Shopee,,
Bean Brothers,KL,,https://beanbrothers.my/collections/all-coffee,,Nobody,Independent,27/05/2026,
Brew & Bread,KL,,https://brewnbread.com/product-category/whole-bean/,,Pauline,Independent,27/05/2026,
Coffee Hub,KL,,https://shopee.com.my/coffe.ehub,,,Shopee,,
Common Man Coffee Roaster,KL,,https://www.commonmancoffeeroasters.com.my/,,Nobody,Independent,tbc,
Cup O Joe,KL,,https://shopee.com.my/cupojoecoffee,,,Shopee,,
Feeka Coffee Roaster,KL,,,,Nobody,None,,
Kafein Roastery,KL,,https://shopee.com.my/kafein_roastery?entryPoint=ShopBySearch&searchKeyword=kaffei%20roastery,,Pauline,Shopee,,
Mama Typica,KL,,https://mamatypica.com/,,,Independent,tbc,
Nogita Coffee,KL,,https://shopee.com.my/nogitacoffee?entryPoint=ShopByPDP,,,Shopee,,
Playground Coffeery,KL,,,,Nobody,None,,
The Hub Coffee Roaster,KL,,https://thehuboug.com/,,Cat,Independent,tbc,
The Kaffei Roastery,KL,,https://shopee.com.my/thekaffei_roastery#product_list,,Pauline,Shopee,,
VCR,KL,,https://shopee.com.my/vcrlovesyou,,Pauline,Shopee,,
Wolf and Turtle Coffee,KL,,https://wolfandturtlecoffee.com/,,,Independent,tbc,
Decrypt Coffee,Kota Kinabalu,Sabah,https://decryptcoffee.com/,,Pauline,Independent,tbc,
Tukang Kopi,Kuala Terengganu,Terengganu,https://shopee.com.my/tukangkopiroastery,,,Shopee,,
Port Coffee Roastery,Kuala Terengganu,Terengganu,https://www.portcoffeeroastery.com/,,,Independent,tbc,
Project 703,Melaka,,https://petakopi.my/project-703-roastery-cafe/ https://www.instagram.com/project_703/?hl=en,,Nobody,None,,
Tyler Coffee,NO,,https://www.instagram.com/tyler_coffeeworkshop/?hl=en,,Nobody,None,,Yes
Ditto Coffee,NO,,"https://ditto.coffee/ (import coffee: tanat, bluebird)",,Nobody,None,,
Beam Coffee Roastery,Online,,https://shopee.com.my/beamspecialty,,Pauline,Shopee,,
Black by ACC,Online,,https://shopee.com.my/blackbyacc,,,Shopee,,
Boutique Premium Coffee,Online,,https://shopee.com.my/boutique.premium.coffee,,,Shopee,,
Brown Dots Coffee Roastery,Online,,https://shopee.com.my/browndotscoffeeroastery,,,Shopee,,
Discover Coffee Roasting,Online,,https://shopee.com.my/discovercoffee,,,Shopee,,
Douyuan Coffee,Online,,https://shopee.com.my/douyuan,,Pauline,Shopee,,
Hisbrew Roastery,Online,,https://shopee.com.my/hisbrewroastery,,Pauline,Shopee,,
Kopianjis7d,Online,,https://shopee.com.my/kopianjis7d.my,,,Shopee,,
Liten Coffee,Online,,https://litencoffee.com/,,Pauline,Independent,tbc,
Roasted Rocks Coffee,Online,,https://shopee.com.my/roastedrocks,,,Shopee,,
Seafarer Coffee,Online,,https://shopee.com.my/seafarer.coffee?entryPoint=cart,,,Shopee,,
Sozofeine,Online,,https://shopee.com.my/sozofeine_coffee03,,,Shopee,,
Tatih Roast Works,Online,,https://tatihroastworks.easy.co/collections/all,,Pauline,Independent,27/05/2026,
Shiro Coffee Roastery,Online,,https://www.shirocoffeeroastery.com/,,,Got issue,,
Charlie's Factory,Bayan Lepas,,https://shopee.com.my/charlies.factory,,Pauline,Shopee,,
Yello Coffee Solution,Bayan Lepas,Penang,https://www.yellocoffeesolution.com/collections/coffee-beans,,Pauline,Independent,27/05/2026,
MJU Coffee Roastery,Butterworth,,https://www.mjuofficial.com/shop,,Pauline,Independent,27/05/2026,
Deadman Tongue,George Town,Penang,,,Nobody,None,,
ninelivescoffeeroasters,George Town,Penang,https://ninelivescoffee.co/collections,,Pauline,Independent,27/05/2026,
Ome by spacebar,George Town,Penang,,,Nobody,None,,
SOL Coffee Roastery,George Town,,https://shopee.com.my/solcoffeeroastery?shopCollection=246751525#product_list,,Pauline,Shopee,,
Ang Ang Roastery,Penang,Penang,https://aarcoffeelibrary.com/,,Pauline,Independent,tbc,
Bad Artist,PJ,,https://badartistcoffee.com/collections/all,,Pauline,Independent,27/05/2026,
Cloud Catcher,PJ,,https://shop.cloudcatcher.asia/collections/coffee,,Pauline,Independent,tbc,
Contour,PJ,,https://shopee.com.my/contourpj,,Nobody,Shopee,,
Cottle Coffee,PJ,,https://www.cottlecoffee.com.my/coffeebeans,,Pauline,Independent,tbc,
Craft Origin,PJ,,https://shopee.com.my/craftorigin7701?entryPoint=ShopBySearch&searchKeyword=craft%20origin,,Pauline,Shopee,,
Curate,PJ,,https://shopee.com.my/curatecoffeeroasters,,Pauline,Shopee,,
Forest Cloud,PJ,,https://www.forestcloud.com.my/collections/coffee,,,Independent,tbc,
Niju Coffee,PJ,,https://shopee.com.my/nijucoffeehub,,,Shopee,,
One Half Coffee Roastery,PJ,,https://www.onehalfcoffee.com/products,,Pauline,Independent,tbc,
Single Dose Coffee,PJ,,https://www.instagram.com/singledosecoffee_/?hl=en,,Nobody,None,,
The Roast Things,PJ,,https://theroastthings.com/collections/all,,Pauline,Independent,27/05/2026,
Toothless Coffee,PJ,,https://toothlesscoffee.com/coffee-beans/,,Cat,Independent,27/05/2026,
Rara Ciffee,PJ,,https://shopee.com.my/raracoffeeonline?uls_trackid=553p7tqs002k&utm_content=2hiSVPBgUnYsQwzE8YsbFmLuimro,,Pauline,Shopee,,
Soon Specialty Coffee,Segamat,,https://shopee.com.my/soonspecialtycoffeecompany?entryPoint=cart,,Pauline,Shopee,,
V Coffee,Segamat,,https://shopee.com.my/vcoffeemalaysia,,Pauline,Shopee,,
Drunk Coffee Roasters,Segamat,,https://www.instagram.com/drunkcoffeeroasters/?hl=en,,,None,,
Overdose Kitten,Seri Kembangan,,https://shopee.com.my/overdose.kitten,,Pauline,Shopee,,
43 Coffee Roaster,Shah Alam,,https://43coffee.com/,,Pauline,Independent,27/05/2026,
Ask Coffee Roastery,Shah Alam,,https://shopee.com.my/akusukakopi,,Pauline,Shopee,,
Blend Coffee Roasters,Shah Alam,,https://shopee.com.my/blendcoffeeroasters,,,Shopee,,
Celcius Coffee,Shah Alam,,https://shopee.com.my/celsiuscoffee,,Nobody,Shopee,,
Coffex Coffee,Shah Alam,,https://shopee.com.my/coffexcoffeemalaysia?shopCollection=255291657#product_list,,Pauline,Shopee,,
FCR Coffee,Shah Alam,,https://fcrcoffee.com/menu/,,,Independent,27/05/2026,
Baristar Roastery,Subang,,,,Nobody,None,,
Emery Coffee Roastery,Subang,,https://emery.coffee/collections/retail-coffee-beans,,Nobody,Independent,27/05/2026,
The Crackpots Coffee Roaster,Subang,,https://thecrackpots.com/collections/roasted-coffee,,Pauline,Independent,27/05/2026,
Rumah Panggang,Sungai Petani,Kedah,https://www.rumahpanggang.com/product-category/coffee/,,,Independent,27/05/2026,
Clod Coffee,JB,,https://clodcoffee.com/,,,Independent,27/05/2026,
Space Roastery,Online,,https://shopee.com.my/spaceroastery.my?categoryId=100629&entryPoint=ShopByPDP&itemId=14098731486,,,Shopee,,
The Circle Coffee,,,https://shopee.com.my/amos278,,,Shopee,,
Bean Doe/ talker,Subang,,https://www.beandoe.com.my/,,,Independent,27/05/2026,
Tubby Coffee,,,https://tubbycoffee.co/,,Pauline,Independent,27/05/2026,
Putra Roasters Coffee,Subang,,https://www.putraroasters.com/,,,Independent,27/05/2026,
Ground Coffee Roasters,PJ,,https://shopee.com.my/groundcoffeeroasters?categoryId=100629&entryPoint=ShopByPDP&itemId=23541216549,,,,,